participant_id,override_explanation,from_column,raw_text,variant_type,recommended_term,ollama_confidence
1824,,genomic_text1,SCN8A,,,0.0
1828,,genomic_text1,?,,,0.0
1828,,genomic_p._text2,?,,,0.0
1810,,genomic_text1,3333G>A. scn8a,protein,p.G3333A,73.78
1824,,genomic_p._text2,p.(G1451S),protein,p.G1451S,75.7
1815,,genomic_p._text2,(N984K) SCN8A,protein,p.N984K,79.89
1810,,genomic_p._text2,p.E1483K,protein,p.E1483K,80.98
1826,,genomic_p._text2,pE1483K,protein,p.E1483K,81.12
1826,,genomic_text1,c2345+1T>G,cDNA,c.2345+1T>G,85.04
1815,,genomic_text1,123G>C p.(N984K),protein,p.N984K,85.39
1815,,genomic_text1,123G>C p.(N984K),cdna,c.123G>C,85.39
